<?xml version="1.0" encoding="UTF-8"?>

<catalog>
	<book>
		<isbn>143024626X</isbn>
		<title>Beginning Java EE 7 (Expert Voice in Java)</title>
		<authors>Antonio Goncalves</authors>
		<publisher>Apress</publisher>
		<publicationYear>2013</publicationYear>
		<binding>Paperback</binding>
		<numberOfPages>608</numberOfPages>
		<price>49.99</price>
	</book>
	<book>
		<isbn>1449370179</isbn>
		<title>Java EE 7 Essentials</title>
		<authors>Arun Gupta</authors>
		<publisher>O'Reilly Media</publisher>
		<publicationYear>2013</publicationYear>
		<binding>Paperback</binding>
		<numberOfPages>362</numberOfPages>
		<price>49.99</price>
	</book>
	<book>
		<isbn>0071837345</isbn>
		<title>Java EE 7: The Big Picture</title>
		<authors>Dr. Danny Coward</authors>
		<publisher>McGraw-Hill Osborne Media</publisher>
		<publicationYear>2014</publicationYear>
		<binding>Paperback</binding>
		<numberOfPages>512</numberOfPages>
		<price>50.00</price>
	</book>
	<book>
		<isbn>1300149310</isbn>
		<title>Real World Java EE Patterns-Rethinking Best Practices</title>
		<authors>Adam Bien</authors>
		<publisher>lulu.com</publisher>
		<publicationYear>2012</publicationYear>
		<binding>Paperback</binding>
		<numberOfPages>432</numberOfPages>
		<price>51.91</price>
	</book>
	<book>
		<isbn>0596158025</isbn>
		<title>Enterprise JavaBeans 3.1</title>
		<authors>Andrew Lee Rubinger, Bill Burke</authors>
		<publisher>O'Reilly Media</publisher>
		<publicationYear>2010</publicationYear>
		<binding>Paperback</binding>
		<numberOfPages>766</numberOfPages>
		<price>54.99</price>
	</book>
	<book>
		<isbn>1935182994</isbn>
		<title>EJB 3 in Action</title>
		<authors>Debu Panda, Reza Rahman, Ryan Cuprak, Michael Remijan</authors>
		<publisher>Manning Publications</publisher>
		<publicationYear>2014</publicationYear>
		<binding>Paperback</binding>
		<numberOfPages>560</numberOfPages>
		<price>54.99</price>
	</book>
	<book>
		<isbn>1430246928</isbn>
		<title>Beginning EJB 3, Java EE, 7th Edition</title>
		<authors>Jonathan Wetherbee, Raghu Kodali, Chirag Rathod, Peter Zadrozny</authors>
		<publisher>Apress</publisher>
		<publicationYear>2013</publicationYear>
		<binding>Paperback</binding>
		<numberOfPages>452</numberOfPages>
		<price>49.99</price>
	</book>
	<book>
		<isbn>1430249269</isbn>
		<title>Pro JPA 2 (Expert's Voice in Java)</title>
		<authors>Mike Keith, Merrick Schincariol</authors>
		<publisher>Apress</publisher>
		<publicationYear>2013</publicationYear>
		<binding>Paperback</binding>
		<numberOfPages>508</numberOfPages>
		<price>54.99</price>
	</book>
	<book>
		<isbn>1782176462</isbn>
		<title>Mastering JavaServer Faces 2.2</title>
		<authors>Anghel Leonard</authors>
		<publisher>Packt Publishing - ebooks Account</publisher>
		<publicationYear>2014</publicationYear>
		<binding>Paperback</binding>
		<numberOfPages>501</numberOfPages>
		<price>59.99</price>
	</book>
	<book>
		<isbn>0133795748</isbn>
		<title>Core JavaServer Faces (4th Edition) (Core Series)</title>
		<authors>David Geary, Cay S. Horstmann, Marty Hall</authors>
		<publisher>Prentice Hall</publisher>
		<publicationYear>2015</publicationYear>
		<binding>Paperback</binding>
		<numberOfPages>672</numberOfPages>
		<price>59.99</price>
	</book>
	<book>
		<isbn>1449365116</isbn>
		<title>Java Web Services: Up and Running</title>
		<authors>Martin Kalin</authors>
		<publisher>O'Reilly Media</publisher>
		<publicationYear>2013</publicationYear>
		<binding>Paperback</binding>
		<numberOfPages>360</numberOfPages>
		<price>39.99</price>
	</book>
	<book>
		<isbn>144936134X</isbn>
		<title>RESTful Java with JAX-RS 2.0</title>
		<authors>Bill Burke</authors>
		<publisher>O'Reilly Media</publisher>
		<publicationYear>2013</publicationYear>
		<binding>Paperback</binding>
		<numberOfPages>392</numberOfPages>
		<price>39.99</price>
	</book>
</catalog>
