{
  "apiVersion" : "1",
  "swaggerVersion" : "1.2",
  "basePath" : "/bookstore/rest",
  "resourcePath" : "/orders",
  "apis" : [ {
    "path" : "/orders",
    "operations" : [ {
      "method" : "POST",
      "nickname" : "placeOrder",
      "type" : "string",
      "parameters" : [ {
        "type" : "orderRequest",
        "description" : "customerNr - the number of the customer / items - the\n order items",
        "paramType" : "body",
        "name" : "orderRequest",
        "required" : true
      } ],
      "summary" : "Places an order on the bookstore.",
      "responseMessages" : [ {
        "code" : 201,
        "message" : "created"
      }, {
        "code" : 400,
        "message" : "bad request (incomplete order data)"
      }, {
        "code" : 402,
        "message" : "payment required (payment error)"
      }, {
        "code" : 404,
        "message" : "not found (customer or book not found)"
      }, {
        "code" : 500,
        "message" : "internal server error (unexpected system error)"
      } ],
      "consumes" : [ "application/xml", "application/json" ],
      "produces" : [ "application/xml", "application/json" ]
    }, {
      "method" : "GET",
      "nickname" : "searchOrdersOfCustomer",
      "type" : "array",
      "items" : {
        "$ref" : "orderInfo"
      },
      "parameters" : [ {
        "type" : "string",
        "description" : "the Customernumber address of the customer",
        "paramType" : "query",
        "name" : "customerNr"
      }, {
        "type" : "string",
        "description" : "the year of the orders",
        "paramType" : "query",
        "name" : "year"
      } ],
      "summary" : "Searches for orders by customer and year.",
      "responseMessages" : [ {
        "code" : 400,
        "message" : "bad request (name missing)"
      }, {
        "code" : 404,
        "message" : "not found (customer not found)"
      }, {
        "code" : 500,
        "message" : "internal server error (unexpected system error)"
      } ],
      "produces" : [ "application/xml", "application/json" ]
    } ]
  }, {
    "path" : "/orders/{number}",
    "operations" : [ {
      "method" : "GET",
      "nickname" : "findOrder",
      "type" : "orderInfo",
      "parameters" : [ {
        "type" : "string",
        "description" : "the number of the order",
        "paramType" : "path",
        "name" : "number",
        "required" : true
      } ],
      "summary" : "Finds an order by number.",
      "responseMessages" : [ {
        "code" : 404,
        "message" : "not found (order not found)"
      }, {
        "code" : 500,
        "message" : "internal server error (unexpected system error)"
      } ],
      "produces" : [ "application/xml", "application/json" ]
    }, {
      "method" : "DELETE",
      "nickname" : "cancelOrder",
      "type" : "void",
      "parameters" : [ {
        "type" : "string",
        "description" : "the number of the order",
        "paramType" : "path",
        "name" : "number",
        "required" : true
      } ],
      "summary" : "Cancels an order.",
      "responseMessages" : [ {
        "code" : 403,
        "message" : "forbidden (order not cancelable)"
      }, {
        "code" : 404,
        "message" : "not found (order not found)"
      }, {
        "code" : 500,
        "message" : "internal server error (unexpected system error)"
      } ]
    } ]
  } ],
  "models" : {
    "bookInfo" : {
      "id" : "bookInfo",
      "properties" : {
        "title" : {
          "type" : "string"
        },
        "isbn" : {
          "type" : "string"
        },
        "price" : {
          "type" : "number",
          "format" : "double"
        }
      }
    },
    "orderInfo" : {
      "id" : "orderInfo",
      "properties" : {
        "number" : {
          "type" : "string"
        },
        "date" : {
          "type" : "string",
          "format" : "date-time"
        },
        "amount" : {
          "type" : "number",
          "format" : "double"
        },
        "status" : {
          "type" : "string",
          "enum" : [ "accepted", "processing", "shipped", "canceled" ]
        }
      }
    },
    "orderRequest" : {
      "id" : "orderRequest",
      "properties" : {
        "customerNr" : {
          "type" : "string"
        },
        "items" : {
          "type" : "array",
          "items" : {
            "$ref" : "OrderItem"
          }
        }
      }
    },
    "OrderItem" : {
      "id" : "OrderItem",
      "properties" : {
        "bookInfo" : {
          "type" : "bookInfo"
        },
        "quantity" : {
          "type" : "integer",
          "format" : "int32"
        }
      }
    }
  }
}