<?xml version="1.0" encoding="UTF-8"?>
<entity-mappings version="1.0" xmlns="http://java.sun.com/xml/ns/persistence/orm"
                 xmlns:xsi="http://www.w3.org/2001/XMLSchema-instance"
                 xsi:schemaLocation="http://java.sun.com/xml/ns/persistence/orm http://java.sun.com/xml/ns/persistence/orm_1_0.xsd ">


    <named-query name="org.books.persistence.dto.BookInfo.findByPublicationYear">
        <query>
            SELECT new org.books.persistence.dto.BookInfo(b.id, b.title, b.isbn, b.price)
            FROM Book b
            ORDER BY b.publicationYear DESC
        </query>
    </named-query>

    <named-query name="org.books.persistence.dto.CustomerInfo.findByNamePart">
        <query>
            SELECT new org.books.persistence.dto.CustomerInfo(c.number, c.firstName, c.lastName, c.email)
            FROM Customer c
            WHERE UPPER(c.firstName) LIKE CONCAT("%", UPPER(:name), "%")
            OR  UPPER(c.lastName) LIKE CONCAT("%", UPPER(:name), "%")
        </query>
    </named-query>

    <named-query name="org.books.persistence.dto.OrderInfo.findByCustomerAndDate">
        <query>
            SELECT NEW org.books.persistence.dto.OrderInfo(o.id, o.number, o.date, o.amount, o.status)
            FROM Order o
            WHERE o.date BETWEEN :begin AND :end
            AND o.customer = :customer
        </query>
    </named-query>

</entity-mappings>
