<?xml version="1.0" encoding="UTF-8"?>
<facelet-taglib version="2.0" xmlns="http://java.sun.com/xml/ns/javaee"
                xmlns:xsi="http://www.w3.org/2001/XMLSchema-instance"
                xsi:schemaLocation="http://java.sun.com/xml/ns/javaee http://java.sun.com/xml/ns/javaee/web-jsptaglibrary_2_1.xsd">
    <namespace>http://jsf.examples/book</namespace>
    <tag>
        <tag-name>validateCreditCardNumber</tag-name>
        <validator>
            <validator-id>
                org.books.presentation.CreditCardNumberValidator
            </validator-id>
        </validator>
    </tag>
    
    <function>
        <function-name>translate</function-name>
        <function-class>org.books.presentation.util.EnumTranslator</function-class>
        <function-signature>String getMessageKey(java.lang.Enum)</function-signature>
    </function>
    
</facelet-taglib>
